IP,Date,Time,Accepted-cookies,Device type,Browser anguage,Browser name,OS Name,Country,Region,RegionName,City,Zipcode,Lat,Lon
49.36.83.154,2023-06-10,11:24:47 UTC,necessary,desktop,en,Chrome,Linux,India,GJ,Gujarat,Surat,395007,21.1888,72.8293
109.83.248.93,2024-02-28,11:38:01 UTC,necessary,mobile,en,Chrome,Android,Saudi Arabia,01,Riyadh Region,Riyadh,09848,24.6869,46.7224
197.211.59.3,2024-02-28,19:20:14 UTC,necessary,mobile,en,Safari,iOS,Nigeria,LA,Lagos,Lagos,,6.4474,3.3903
188.48.216.221,2024-03-01,21:03:54 UTC,necessary,desktop,en,Chrome,Windows,Saudi Arabia,01,Riyadh Region,Riyadh,09848,24.6869,46.7224
202.134.10.132,2024-03-02,21:09:58 UTC,necessary,desktop,en,Chrome,Windows,Bangladesh,C,Dhaka Division,Dhaka,1000,23.7272,90.4093
103.199.84.229,2024-03-02,22:00:02 UTC,necessary,desktop,en,Chrome,Windows,Bangladesh,C,Dhaka Division,Mīrpur,1216,23.8233,90.365
89.35.25.100,2024-03-02,22:03:04 UTC,necessary,desktop,en,Chrome,Windows,United Kingdom,ENG,England,London,EC4R,51.5088,-0.093
188.48.216.221,2024-03-02,22:09:46 UTC,necessary,mobile,en,Edge,Android,Saudi Arabia,01,Riyadh Region,Riyadh,09848,24.6869,46.7224
103.252.226.14,2024-03-02,22:37:02 UTC,necessary,desktop,en,Chrome,Windows,Bangladesh,C,Dhaka Division,Dhaka,1207,23.7731,90.3657
78.163.169.151,2024-03-02,22:55:25 UTC,necessary,desktop,tr,Chrome,Windows,Türkiye,34,Istanbul,Istanbul,34110,41.0197,28.9757
188.48.216.221,2024-03-03,14:18:54 UTC,necessary,desktop,en,Chrome,Windows,Saudi Arabia,01,Riyadh Region,Riyadh,09848,24.6869,46.7224
58.145.184.240,2024-03-03,17:09:17 UTC,necessary,desktop,en,Chrome,Windows,Bangladesh,B,Chittagong,Chittagong,4000,22.3468,91.83
58.145.184.240,2024-03-03,17:32:49 UTC,necessary,desktop,en,Chrome,Windows,Bangladesh,B,Chittagong,Chittagong,4000,22.3468,91.83
182.184.18.183,2024-03-04,06:56:04 UTC,necessary,desktop,en,Chrome,OS X,Pakistan,SD,Sindh,Karachi,74900,24.8591,66.9983
115.246.28.2,2024-03-04,10:47:31 UTC,necessary,desktop,en,Chrome,Windows,India,GJ,Gujarat,Ahmedabad,380059,23.0276,72.5871
